<?xml version="1.0" encoding="UTF-8"?>
<project-private xmlns="http://www.netbeans.org/ns/project-private/1">
    <editor-bookmarks xmlns="http://www.netbeans.org/ns/editor-bookmarks/2" lastBookmarkId="0"/>
    <open-files xmlns="http://www.netbeans.org/ns/projectui-open-files/2">
        <group>
            <file>file:/D:/xampp/htdocs/git/kwikshoot/src/Model/Table/Userstable.php</file>
            <file>file:/D:/xampp/htdocs/git/kwikshoot/src/Template/Users/index.ctp</file>
            <file>file:/D:/xampp/htdocs/git/kwikshoot/src/Template/Articles/edit.ctp</file>
            <file>file:/D:/xampp/htdocs/git/kwikshoot/config/routes.php</file>
            <file>file:/D:/xampp/htdocs/git/kwikshoot/src/Model/Table/Editorstable.php</file>
            <file>file:/D:/xampp/htdocs/git/kwikshoot/src/Template/Editors/edit.ctp</file>
            <file>file:/D:/xampp/htdocs/git/kwikshoot/src/Controller/UsersController.php</file>
            <file>file:/D:/xampp/htdocs/git/kwikshoot/src/Model/Table/Articlestable.php</file>
            <file>file:/D:/xampp/htdocs/git/kwikshoot/src/Template/Users/userlisting.ctp</file>
            <file>file:/D:/xampp/htdocs/git/kwikshoot/src/Controller/EditorsController.php</file>
            <file>file:/D:/xampp/htdocs/git/kwikshoot/src/Template/Editors/editorlisting.ctp</file>
            <file>file:/D:/xampp/htdocs/git/kwikshoot/src/Controller/ArticlesController.php</file>
            <file>file:/D:/xampp/htdocs/git/kwikshoot/src/Template/Articles/index.ctp</file>
        </group>
    </open-files>
</project-private>
